Id,Score,Protein1,PepPos1,PepSeq1,LinkPos1,Protein2,PepPos2,PepSeq2,LinkPos2
1,225.26,H3F3B,116,RVTIMPKDIQLAR,7,H3F3B,3,TKQTAR,2
2,206.73,NP_778224.1,69,DAVTYTEHAKRK,10,NP_066298.1,74,EIAQDFKTDLR,7
3,47.92,NP_005337.2,312,STLEPVEKALR,8,NP_001030335.1,19,DAKSVK,3
4,217.57,NP_619790.1,101,LLLPGELAKHAVSEGTK,9,H3F3B,3,TKQTAR,2
5,225.45,NP_005337.2,50,LIGDAAKNQVALNPQNTVFDAKR,7,NP_005337.2,252,DISQNKR,6
6,53.47,NP_005989.3,69,EIQVQHPAAKSMIEISR,10,NP_001753.1,524,AGMSSLKG,7
7,232.83,H3F3B,117,VTIMPKDIQLAR,6,NP_066298.1,19,KQLATKAAR,1
8,228.93,NP_004037.1,150,VVDALGNAIDGKGPIGSK,12,NP_004037.1,254,STVAQLVKR,8
9,206.52,NP_006708.2,91,YDGFDCVYGLELNKDER,14,NP_006708.2,38,SSVGPSKPVSQPR,7
10,187.85,NP_001245275.1,178,LLLAVMVSYNTQKIK,13,NP_066298.1,74,EIAQDFKTDLR,7
11,336.87,NP_619790.1,101,LLLPGELAKHAVSEGTK,9,NP_066298.1,74,EIAQDFKTDLR,7
12,277.24,NP_079184.2,435,TPGTSYEKLTSSSMGK,8,NP_079184.2,4,SGAAAEKADSR,7
13,153.71,NP_006422.1,517,VDNIIKAAPR,6,NP_006421.2,20,GKGAYQDR,2
14,183.79,NP_778224.1,25,DNIQGITKPAIRR,8,H3F3B,3,TKQTAR,2
15,150.36,NP_778224.1,25,DNIQGITKPAIR,8,H3F3B,9,KSTGGKAPR,1
16,123.76,NP_001287750.1,340,STPKEDDSSASTSQSTR,4,NP_001287750.1,357,AASIFGGAKPVDTAAR,9
17,170.52,NP_079184.2,15,QRPQMKVNEYK,6,NP_079184.2,4,SGAAAEKADSR,7
18,237.92,H3F3B,54,YQKSTELLIR,3,NP_066298.1,19,KQLATKAAR,1
19,179.31,NP_005337.2,312,STLEPVEKALR,8,NP_005337.2,323,DAKLDK,3
20,159.93,NP_001017963.2,559,FYEQFSKNIK,7,NP_001017963.2,735,IMKAQALR,3
21,144.18,NP_006588.1,50,LIGDAAKNQVAMNPTNTVFDAK,7,NP_006588.1,252,DISENKR,6
22,237.92,NP_005337.2,536,VSAKNALESYAFNMK,4,NP_005337.2,448,AMTKDNNLLGR,4
23,199.4,H3F3B,53,RYQKSTELLIR,4,H3F3B,3,TKQTAR,2
24,232.88,H3F3B,54,YQKSTELLIR,3,NP_066408.1,73,DNKKTR,4
25,40.43,NP_060252.4,352,KASMPHMVQSKK,11,NP_079184.2,4,SGAAAEKADSR,7
26,158.39,NP_001019770.1,33,SRKESYSVYVYK,3,HIST2H2AA3,36,KGNYAER,1
27,196.84,NP_003283.2,1629,DEPQEPSNKVPEQQR,9,NP_003283.2,1644,QITLKTTPASGER,5
28,120.65,NP_001460.1,452,IMATPEQVGKMK,10,NP_001460.1,464,AIVEKLR,5
29,50.04,NP_778224.1,25,DNIQGITKPAIR,8,NP_057311.3,1360,VQDQGKLIK,6
30,47.07,NP_778224.1,25,DNIQGITKPAIR,8,NP_116264.2,3,RDVNGVTKSR,8
31,238.52,H3F3B,54,YQKSTELLIR,3,NP_004637.1,596,RAPFKGSAAAR,5
32,40.04,NP_079057.2,451,VDQNEAEVKKLR,9,NP_778224.1,25,DNIQGITKPAIR,8
33,131.06,NP_003137.1,325,KITVPGNFQGHSGAQCITCSYK,1,NP_003137.1,317,VMKALVNR,3
34,124.37,NP_005989.3,217,GVMINKDVTHPR,6,NP_005989.3,378,GASKEILSEVER,4
35,213,NP_003515.1,48,QVHPDTGISSKAMGIMNSFVNDIFER,11,H3F3B,64,KLPFQR,1
36,104.86,NP_006576.2,55,MVINHLEKLFVTNDAATILR,8,NP_006576.2,315,LNSKWDLR,4
37,86.78,NP_619790.1,101,LLLPGELAKHAVSEGTK,9,NP_001245275.1,178,LLLAVMVSYNTQKIK,13
38,47.94,NP_001290043.1,155,QLFHPEQLITGKEDAANNYAR,12,NP_001290043.1,176,GHYTIGKEIIDLVLDR,7
39,168.85,NP_778224.1,57,GVLKVFLENVIR,4,NP_003503.1,90,NDEELNKLLGR,7
40,51.01,NP_055745.1,557,DHLIQHQKTHTGEKPFKCNECGK,17,NP_001019770.1,33,SRKESYSVYVYK,3
41,145.91,NP_005337.2,448,AMTKDNNLLGR,4,NP_079184.2,4,SGAAAEKADSR,7
42,193.51,NP_079184.2,435,TPGTSYEKLTSSSMGK,8,H3F3B,3,TKQTAR,2
43,158.08,NP_001019770.1,33,SRKESYSVYVYK,3,NP_003515.1,81,LAHYNKR,6
44,169.66,NP_079184.2,435,TPGTSYEKLTSSSMGK,8,H3F3B,9,KSTGGKAPR,1
45,218.58,NP_079184.2,435,TPGTSYEKLTSSSMGK,8,NP_066298.1,19,KQLATKAAR,1
46,164.31,H3F3B,54,YQKSTELLIR,3,NP_066298.1,19,KQLATKAAR,6
47,237.48,NP_079184.2,435,TPGTSYEKLTSSSMGK,8,HIST1H2BN,117,AVTKYTSSK,4
48,228.3,NP_079184.2,435,TPGTSYEKLTSSSMGK,8,NP_542160.1,118,AVTKYTSAK,4
49,106.49,NP_006704.3,60,DDNMFQIGKMR,9,NP_006704.3,48,ALSSSKQSSSSR,6
50,184.88,NP_001753.1,280,KVCGDSDKGFVVINQK,1,NP_001753.1,273,KIIELKR,1
51,107.17,NP_066298.1,74,EIAQDFKTDLR,7,NP_778224.1,10,GLGKGGAKR,4
52,280.96,NP_079184.2,293,SYKANLNGMVISEDTVYK,3,NP_079184.2,573,RVEIFHETGKR,10
53,155.98,NP_006422.1,120,KIHPQTIIAGWR,1,NP_006421.2,28,DKPAQIR,2
54,140.14,NP_778224.1,80,KTVTAMDVVYALK,1,NP_778224.1,69,DAVTYTEHAKR,10
55,186.67,NP_619790.1,101,LLLPGELAKHAVSEGTK,9,NP_778224.1,10,GLGKGGAKR,4
56,258.23,NP_006576.2,391,AVDDGVNTFKVLTR,10,NP_001753.1,198,HKSETDTSLIR,2
57,204.18,NP_778224.1,80,KTVTAMDVVYALKR,13,NP_003515.1,81,LAHYNKR,6
58,218.04,NP_778224.1,80,KTVTAMDVVYALKR,13,NP_001019770.1,33,SRKESYSVYVYK,3
59,239.38,NP_778224.1,80,KTVTAMDVVYALKR,13,HIST2H2AA3,36,KGNYAER,1
60,100.38,NP_005337.2,89,HWPFQVINDGDKPK,12,NP_005337.2,77,KFGDPVVQSDMK,1
61,148.18,NP_001460.1,596,KQELLEALTKHFQD,10,NP_001460.1,587,AYGLKSGLK,5
62,187.33,NP_619790.1,101,LLLPGELAKHAVSEGTK,9,H3F3B,54,YQKSTELLIR,3
63,79.01,NP_001627.2,34,LLLQVQHASKQIAADK,10,NP_066298.1,74,EIAQDFKTDLR,7
64,150.49,NP_002903.3,1158,KTVNSR,1,H3F3B,3,TKQTAR,2
65,232.56,NP_079184.2,522,IFDSSCISSKIPLLTTIR,10,NP_079184.2,573,RVEIFHETGKR,10
66,155.58,NP_004957.1,295,GLPYKATENDIYNFFSPLNPVR,5,NP_004957.1,82,YIEVFKSHR,6
67,148.66,NP_001275582.1,1316,AHMGMFTELAILYSKFKPQK,15,NP_001275582.1,1347,VNIPKVLR,5
68,113.41,NP_001363.2,828,TKDGKR,2,H3F3B,3,TKQTAR,2
69,192.91,NP_001252526.1,258,DFLANMRFLHQDATQTGEKPNNSNK,19,NP_001019770.1,35,KESYSVYVYK,1
70,146.71,H3F3B,54,YQKSTELLIR,3,NP_001158067.1,908,DRILKER,5
71,68.38,NP_778224.1,41,RGGVKR,5,NP_060896.1,608,RNVKR,4
72,46.57,NP_778224.1,25,DNIQGITKPAIR,8,NP_940971.1,1119,ENVQKQWRR,5
73,232.83,NP_778224.1,25,DNIQGITKPAIR,8,NP_066298.1,19,KQLATKAAR,1
74,40.1,NP_001036068.1,959,AKVCLQARPR,2,NP_060411.2,108,ADKDIK,3
75,126.76,NP_005989.3,201,VEKIPGGIIEDSCVLR,3,NP_005989.3,378,GASKEILSEVER,4
76,55.86,NP_001627.2,34,LLLQVQHASKQIAADK,10,NP_619790.1,101,LLLPGELAKHAVSEGTK,9
77,41.09,NP_001231821.1,1,MAKVTSEPQKPNEDVDEQTPSTSSTK,10,NP_060017.1,84,KLESRR,1
78,137.51,NP_003515.1,48,QVHPDTGISSKAMGIMNSFVNDIFER,11,NP_056197.3,471,GHSEVVAILQSPGDWMCPVNKGDDKK,21
79,142.64,NP_006421.2,50,TSLGPKGMDK,6,NP_110379.2,123,LACKEAVR,4
80,150.46,NP_778224.1,25,DNIQGITKPAIR,8,NP_079184.2,4,SGAAAEKADSR,7
81,126.1,NP_778224.1,25,DNIQGITKPAIR,8,NP_778224.1,10,GLGKGGAKR,4
82,177.97,H3F3B,117,VTIMPKDIQLAR,6,H3F3B,9,KSTGGKAPR,1
83,106.58,NP_001243100.1,576,AFNQSSNLTKHKR,10,NP_778224.1,25,DNIQGITKPAIR,8
84,160.65,NP_079184.2,522,IFDSSCISSKIPLLTTIR,10,NP_079184.2,435,TPGTSYEKLTSSSMGK,8
85,66.68,H3F3B,64,KLPFQR,1,NP_001137458.1,40,LKQFPR,2
86,80.46,NP_001077430.1,668,GSQGDEGSLLKVHVDPSGTFLATSCSDK,11,H3F3B,64,KLPFQR,1
87,188.07,H3F3B,54,YQKSTELLIR,3,NP_066408.1,73,DNKKTR,3
88,126.57,NP_066406.1,35,KESYSIYVYK,1,HIST2H2AA3,36,KGNYAER,1
89,91.7,NP_056197.3,471,GHSEVVAILQSPGDWMCPVNKGDDKK,21,H3F3B,64,KLPFQR,1
90,81.3,NP_001186224.1,402,QSLLDHHRIHTGERPYECKECGK,19,H3F3B,64,KLPFQR,1
91,154.85,NP_001243359.1,473,EFKLEICHEISEPRLQNYDENGR,3,NP_001019770.1,35,KESYSVYVYK,1
92,157.34,NP_003515.1,81,LAHYNKR,6,HIST2H2AA3,36,KGNYAER,1
93,107.9,NP_056141.2,921,KTATAGR,1,H3F3B,3,TKQTAR,2
94,204.27,NP_006588.1,172,IINEPTAAAIAYGLDKK,16,NP_006588.1,510,LSKEDIER,3
95,130.27,NP_619790.1,101,LLLPGELAKHAVSEGTK,9,NP_002903.3,1158,KTVNSR,1
